{
    "person_num": 1,
    "person_info": [
        {
            "body_parts": {
                "left_hip": {
                    "y": 556.416015625,
                    "x": 602.111328125,
                    "score": 0.7379232048988342
                },
                "top_head": {
                    "y": 128.681640625,
                    "x": 801.720703125,
                    "score": 0.827666163444519
                },
                "right_mouth_corner": {
                    "y": 214.228515625,
                    "x": 730.431640625,
                    "score": 0.8458457589149475
                },
                "neck": {
                    "y": 257.001953125,
                    "x": 780.333984375,
                    "score": 0.8575131893157959
                },
                "left_shoulder": {
                    "y": 328.291015625,
                    "x": 766.076171875,
                    "score": 0.8468177318572998
                },
                "left_knee": {
                    "y": 428.095703125,
                    "x": 416.759765625,
                    "score": 0.796711266040802
                },
                "left_ankle": {
                    "y": 306.904296875,
                    "x": 231.408203125,
                    "score": 0.7912899851799011
                },
                "left_mouth_corner": {
                    "y": 207.099609375,
                    "x": 737.560546875,
                    "score": 0.8388454914093018
                },
                "right_elbow": {
                    "y": 306.904296875,
                    "x": 609.240234375,
                    "score": 0.5391880869865417
                },
                "right_ear": {
                    "y": 207.099609375,
                    "x": 801.720703125,
                    "score": 0.553272545337677
                },
                "nose": {
                    "y": 185.712890625,
                    "x": 730.431640625,
                    "score": 0.8704099655151367
                },
                "left_eye": {
                    "y": 171.455078125,
                    "x": 751.818359375,
                    "score": 0.855672299861908
                },
                "right_eye": {
                    "y": 171.455078125,
                    "x": 737.560546875,
                    "score": 0.8388886451721191
                },
                "right_hip": {
                    "y": 535.029296875,
                    "x": 602.111328125,
                    "score": 0.6516896486282349
                },
                "left_wrist": {
                    "y": 257.001953125,
                    "x": 459.533203125,
                    "score": 0.8436440825462341
                },
                "left_ear": {
                    "y": 207.099609375,
                    "x": 801.720703125,
                    "score": 0.8579180836677551
                },
                "left_elbow": {
                    "y": 306.904296875,
                    "x": 594.982421875,
                    "score": 0.8374292254447937
                },
                "right_shoulder": {
                    "y": 285.517578125,
                    "x": 744.689453125,
                    "score": 0.6042621731758118
                },
                "right_ankle": {
                    "y": 321.162109375,
                    "x": 231.408203125,
                    "score": 0.2525671124458313
                },
                "right_knee": {
                    "y": 420.966796875,
                    "x": 416.759765625,
                    "score": 0.5868170857429504
                },
                "right_wrist": {
                    "y": 264.130859375,
                    "x": 466.662109375,
                    "score": 0.8028373718261719
                }
            },
            "location": {
                "height": 508.3360595703125,
                "width": 730.4116821289062,
                "top": 113.7483520507812,
                "score": 0.9295165538787842,
                "left": 148.3499450683594
            }
        }
    ],
    "log_id": 3573561472777980039
}