{
    "person_num": 1,
    "person_info": [
        {
            "body_parts": {
                "left_hip": {
                    "y": 209.228515625,
                    "x": 196.255859375,
                    "score": 0.7283125519752502
                },
                "top_head": {
                    "y": 191.748046875,
                    "x": 343.091796875,
                    "score": 0.9119505882263184
                },
                "right_mouth_corner": {
                    "y": 188.251953125,
                    "x": 301.138671875,
                    "score": 0.9036626815795898
                },
                "neck": {
                    "y": 188.251953125,
                    "x": 290.650390625,
                    "score": 0.8467974066734314
                },
                "left_shoulder": {
                    "y": 226.708984375,
                    "x": 283.658203125,
                    "score": 0.7762548327445984
                },
                "left_knee": {
                    "y": 265.166015625,
                    "x": 231.216796875,
                    "score": 0.8704114556312561
                },
                "left_ankle": {
                    "y": 345.576171875,
                    "x": 210.240234375,
                    "score": 0.8772184252738953
                },
                "left_mouth_corner": {
                    "y": 188.251953125,
                    "x": 308.130859375,
                    "score": 0.72135990858078
                },
                "right_elbow": {
                    "y": 100.849609375,
                    "x": 273.169921875,
                    "score": 0.8562319278717041
                },
                "right_ear": {
                    "y": 170.771484375,
                    "x": 315.123046875,
                    "score": 0.7500813007354736
                },
                "nose": {
                    "y": 184.755859375,
                    "x": 315.123046875,
                    "score": 0.7747772932052612
                },
                "left_eye": {
                    "y": 188.251953125,
                    "x": 325.611328125,
                    "score": 0.8273967504501343
                },
                "right_eye": {
                    "y": 188.251953125,
                    "x": 318.619140625,
                    "score": 0.7697358727455139
                },
                "right_hip": {
                    "y": 184.755859375,
                    "x": 161.294921875,
                    "score": 0.7870944738388062
                },
                "left_wrist": {
                    "y": 335.087890625,
                    "x": 311.626953125,
                    "score": 0.851302444934845
                },
                "left_ear": {
                    "y": 209.228515625,
                    "x": 318.619140625,
                    "score": 0.7319570183753967
                },
                "left_elbow": {
                    "y": 279.150390625,
                    "x": 297.642578125,
                    "score": 0.8053390979766846
                },
                "right_shoulder": {
                    "y": 156.787109375,
                    "x": 280.162109375,
                    "score": 0.9660580158233643
                },
                "right_ankle": {
                    "y": 328.095703125,
                    "x": 70.396484375,
                    "score": 0.7943213582038879
                },
                "right_knee": {
                    "y": 258.173828125,
                    "x": 119.341796875,
                    "score": 0.8279919624328613
                },
                "right_wrist": {
                    "y": 51.904296875,
                    "x": 269.673828125,
                    "score": 0.8679579496383667
                }
            },
            "location": {
                "height": 357.9242248535156,
                "width": 325.4356079101562,
                "top": 11.1256103515625,
                "score": 0.9637092351913452,
                "left": 39.11289978027344
            }
        }
    ],
    "log_id": 754928098289486791
}