{
    "person_num": 1,
    "person_info": [
        {
            "body_parts": {
                "left_hip": {
                    "y": 320.8447265625,
                    "x": 163.7744140625,
                    "score": 0.8434115648269653
                },
                "top_head": {
                    "y": 133.0713043212891,
                    "x": 155.2392578125,
                    "score": 0.8977571129798889
                },
                "right_mouth_corner": {
                    "y": 171.4795074462891,
                    "x": 146.7041015625,
                    "score": 0.8556239604949951
                },
                "neck": {
                    "y": 184.2822418212891,
                    "x": 155.2392578125,
                    "score": 0.8571134805679321
                },
                "left_shoulder": {
                    "y": 188.5498199462891,
                    "x": 189.3798828125,
                    "score": 0.8418421745300293
                },
                "left_knee": {
                    "y": 406.1962585449219,
                    "x": 150.9716796875,
                    "score": 0.7748024463653564
                },
                "left_ankle": {
                    "y": 470.2099304199219,
                    "x": 142.4365234375,
                    "score": 0.8084384202957153
                },
                "left_mouth_corner": {
                    "y": 171.4795074462891,
                    "x": 159.5068359375,
                    "score": 0.8632252812385559
                },
                "right_elbow": {
                    "y": 133.0713043212891,
                    "x": 129.6337890625,
                    "score": 0.7874330282211304
                },
                "right_ear": {
                    "y": 158.6767730712891,
                    "x": 138.1689453125,
                    "score": 0.9598244428634644
                },
                "nose": {
                    "y": 162.9443511962891,
                    "x": 150.9716796875,
                    "score": 0.8380860686302185
                },
                "left_eye": {
                    "y": 154.4091949462891,
                    "x": 159.5068359375,
                    "score": 0.865365207195282
                },
                "right_eye": {
                    "y": 158.6767730712891,
                    "x": 146.7041015625,
                    "score": 0.8915417194366455
                },
                "right_hip": {
                    "y": 312.3095703125,
                    "x": 125.3662109375,
                    "score": 0.8362714052200317
                },
                "left_wrist": {
                    "y": 81.8603744506836,
                    "x": 159.5068359375,
                    "score": 0.8546991348266602
                },
                "left_ear": {
                    "y": 158.6767730712891,
                    "x": 176.5771484375,
                    "score": 0.9911619424819946
                },
                "left_elbow": {
                    "y": 133.0713043212891,
                    "x": 180.8447265625,
                    "score": 0.8551530838012695
                },
                "right_shoulder": {
                    "y": 188.5498199462891,
                    "x": 125.3662109375,
                    "score": 0.8683391809463501
                },
                "right_ankle": {
                    "y": 401.9287109375,
                    "x": 125.3662109375,
                    "score": 0.8070411682128906
                },
                "right_knee": {
                    "y": 359.2529296875,
                    "x": 65.62012481689453,
                    "score": 0.8994276523590088
                },
                "right_wrist": {
                    "y": 81.8603744506836,
                    "x": 138.1689453125,
                    "score": 0.7100806832313538
                }
            },
            "location": {
                "height": 437.581298828125,
                "width": 149.3902587890625,
                "top": 49.18111038208008,
                "score": 0.9586143493652344,
                "left": 53.26323699951172
            }
        }
    ],
    "log_id": 7373932174312141767
}